category_name,category_url
Start with a Lab Diamond,https://www.gemsny.com/lab-diamonds/basic-search?myo=pendants
Round Cut Lab Grown Diamond,https://www.gemsny.com/lab-diamonds/basic-search/round
Heart Shaped Lab Grown Diamond,https://www.gemsny.com/lab-diamonds/basic-search/heart
Start with a Natural Color Diamond,https://www.gemsny.com/natural-colored-diamonds/basic-search?myo=engagement-rings
Start with a Natural Color Diamond,https://www.gemsny.com/natural-colored-diamonds/basic-search?myo=pendants
Princess Cut Lab Grown Diamond,https://www.gemsny.com/lab-diamonds/basic-search/princess
Start with a Natural Diamond,https://www.gemsny.com/natural-diamonds/basic-search?myo=rings
Natural Colored Diamonds,https://www.gemsny.com/natural-colored-diamonds/basic-search
Radiant Cut Lab Grown Diamond,https://www.gemsny.com/lab-diamonds/basic-search/radiant
Lab Grown Diamonds,https://www.gemsny.com/lab-diamonds/basic-search
Start with a Lab Diamond,https://www.gemsny.com/lab-diamonds/basic-search?myo=rings
Start with a Natural Diamond,https://www.gemsny.com/natural-diamonds/basic-search?myo=pendants
Lab Grown Pear Diamond,https://www.gemsny.com/lab-diamonds/basic-search/pear
Lab Grown Marquise Diamond,https://www.gemsny.com/lab-diamonds/basic-search/marquise
Asscher Cut Lab Grown Diamond,https://www.gemsny.com/lab-diamonds/basic-search/asscher
Start with a Lab Color Diamond,https://www.gemsny.com/lab-colored-diamonds/basic-search?myo=pendants
Natural Diamonds,https://www.gemsny.com/natural-diamonds/basic-search
Lab Grown Cushion Cut Diamond,https://www.gemsny.com/lab-diamonds/basic-search/cushion
Lab Grown Oval Diamond,https://www.gemsny.com/lab-diamonds/basic-search/oval
Lab Grown Emerald Cut Diamond,https://www.gemsny.com/lab-diamonds/basic-search/emerald
Start with a Lab Color Diamond,https://www.gemsny.com/lab-colored-diamonds/basic-search?myo=engagement-rings
Start with a Natural Diamond,https://www.gemsny.com/natural-diamonds/basic-search?myo=engagement-rings
Start with a Lab Diamond,https://www.gemsny.com/lab-diamonds/basic-search?myo=ring
Start with a Lab Diamond,https://www.gemsny.com/lab-diamonds/basic-search?myo=engagement-rings
Start with a Lab Color Diamond,https://www.gemsny.com/lab-colored-diamonds/basic-search?myo=rings
Start with a Natural Color Diamond,https://www.gemsny.com/natural-colored-diamonds/basic-search?myo=rings
Lab Grown Colored Diamonds,https://www.gemsny.com/lab-colored-diamonds/basic-search
